lon,lat
-124.0986970,41.5938680
-124.0985640,41.5938060
-124.0983200,41.5940130
-124.0986490,41.5943090
-124.0989380,41.5945320
-124.0991360,41.5946560
-124.0994710,41.5948370
-124.0999770,41.5951030
-124.1001250,41.5951880
-124.1004230,41.5953950
-124.1005580,41.5955250
-124.1007030,41.5956990
-124.1007800,41.5958120
-124.1008050,41.5958500
-124.1009740,41.5962300
-124.1010190,41.5964620
-124.1010250,41.5967020
-124.1009980,41.5969270
-124.1007400,41.5980620
-124.1006310,41.5985270
-124.1004300,41.5993760
-124.1004080,41.5994700
-124.1002950,41.5998550
-124.1001830,41.6005370
-124.1000640,41.6013720
-124.0999460,41.6021460
-124.0999300,41.6022780
-124.0999250,41.6024190
-124.0999360,41.6026390
-124.0999660,41.6028300
-124.1000010,41.6029840
-124.1000620,41.6032560
-124.1002070,41.6035670
-124.1003200,41.6037600
-124.1004000,41.6038880
-124.1005240,41.6040520
-124.1007010,41.6042450
-124.1008880,41.6044250
-124.1012620,41.6047360
-124.1013860,41.6048260
-124.1015460,41.6049420
-124.1020170,41.6053160
-124.1021120,41.6053910
-124.1023270,41.6055640
-124.1025500,41.6058140
-124.1027160,41.6060690
-124.1029070,41.6063880
-124.1030110,41.6066180
-124.1031050,41.6068970
-124.1032030,41.6072450
-124.1034900,41.6080100
-124.1036700,41.6084410
-124.1039080,41.6089200
-124.1042220,41.6093930
-124.1048420,41.6103000
-124.1050220,41.6106210
-124.1052620,41.6111350
-124.1053820,41.6114170
-124.1054780,41.6117320
-124.1055640,41.6120290
-124.1056600,41.6123940
-124.1057730,41.6129110
-124.1058160,41.6131920
-124.1058800,41.6135090
-124.1059510,41.6140940
-124.1060170,41.6146000
-124.1061030,41.6148820
-124.1061980,41.6151320
-124.1063180,41.6153310
-124.1064640,41.6155300
-124.1065820,41.6156550
-124.1066960,41.6157740
-124.1068500,41.6159150
-124.1069440,41.6159860
-124.1071160,41.6161010
-124.1082490,41.6167940
-124.1085750,41.6170060
-124.1088410,41.6172370
-124.1090130,41.6174420
-124.1091300,41.6175860
-124.1092100,41.6177180
-124.1092660,41.6178340
-124.1093430,41.6180650
-124.1093740,41.6181980
-124.1093940,41.6184670
-124.1093970,41.6185920
-124.1093360,41.6190240
-124.1093070,41.6191950
-124.1092940,41.6193870
-124.1093010,41.6195520
-124.1095530,41.6210880
-124.1096550,41.6215190
-124.1097120,41.6216900
-124.1097990,41.6218940
-124.1099760,41.6222120
-124.1101350,41.6224420
-124.1102610,41.6225940
-124.1107520,41.6230850
-124.1109650,41.6233320
-124.1110560,41.6234560
-124.1111530,41.6236230
-124.1112570,41.6238280
-124.1113140,41.6239640
-124.1113610,41.6241230
-124.1114870,41.6248200
-124.1115240,41.6249440
-124.1116730,41.6251980
-124.1118530,41.6254780
-124.1122990,41.6262270
-124.1123940,41.6264490
-124.1124310,41.6265660
-124.1124590,41.6266970
-124.1124570,41.6270230
-124.1124330,41.6271860
-124.1123190,41.6277540
-124.1122850,41.6281170
-124.1122750,41.6284210
-124.1122850,41.6285910
-124.1124120,41.6290800
-124.1124380,41.6292600
-124.1124850,41.6295030
-124.1124730,41.6298350
-124.1125110,41.6301550
-124.1125800,41.6303160
-124.1126630,41.6304310
-124.1131020,41.6309570
-124.1134410,41.6313260
-124.1136690,41.6315610
-124.1144330,41.6322510
-124.1145190,41.6323880
-124.1145700,41.6325570
-124.1146720,41.6327240
-124.1148490,41.6329230
-124.1155400,41.6336480
-124.1156320,41.6338110
-124.1157200,41.6340510
-124.1157350,41.6342980
-124.1156920,41.6344900
-124.1155550,41.6350420
-124.1154050,41.6357380
-124.1153750,41.6359000
-124.1153970,41.6364410
-124.1153900,41.6365380
-124.1153620,41.6366350
-124.1153130,41.6367530
-124.1150620,41.6372090
-124.1149570,41.6374370
-124.1149430,41.6375450
-124.1149630,41.6376110
-124.1150110,41.6377020
-124.1151090,41.6378830
-124.1152380,41.6380630
-124.1152940,41.6381770
-124.1153230,41.6382360
-124.1153150,41.6384610
-124.1152720,41.6386920
-124.1152380,41.6388710
-124.1150870,41.6394580
-124.1150570,41.6396160
-124.1150900,41.6400630
-124.1151410,41.6403910
-124.1152250,41.6406560
-124.1153810,41.6410190
-124.1154550,41.6412160
-124.1155610,41.6416550
-124.1155820,41.6418800
-124.1155610,41.6421170
-124.1155380,41.6421880
-124.1154590,41.6423950
-124.1153290,41.6426160
-124.1150110,41.6430420
-124.1144170,41.6437890
-124.1140520,41.6442480
-124.1137650,41.6446450
-124.1134100,41.6450770
-124.1130980,41.6454820
-124.1128300,41.6458660
-124.1125980,41.6461760
-124.1124220,41.6464650
-124.1123840,41.6465400
-124.1123330,41.6470570
-124.1123430,41.6471520
-124.1123670,41.6472540
-124.1125300,41.6475950
-124.1126580,41.6477910
-124.1127440,41.6478930
-124.1128330,41.6479760
-124.1133320,41.6483610
-124.1135470,41.6485270
-124.1138290,41.6487580
-124.1140930,41.6490080
-124.1142470,41.6492000
-124.1144570,41.6494810
-124.1145500,41.6496520
-124.1146360,41.6498440
-124.1150120,41.6509650
-124.1151690,41.6514030
-124.1153210,41.6518760
-124.1154350,41.6522460
-124.1155160,41.6525160
-124.1157700,41.6532520
-124.1158340,41.6535060
-124.1158850,41.6537660
-124.1159340,41.6544240
-124.1159290,41.6552410
-124.1159030,41.6554940
-124.1158380,41.6559500
-124.1157100,41.6565100
-124.1155610,41.6570690
-124.1154230,41.6575280
-124.1153690,41.6578040
-124.1153560,41.6580170
-124.1153760,41.6581570
-124.1154170,41.6582980
-124.1155290,41.6585020
-124.1156470,41.6586850
-124.1159780,41.6590920
-124.1161510,41.6593270
-124.1162470,41.6595410
-124.1162810,41.6597900
-124.1162840,41.6601030
-124.1162590,41.6603030
-124.1162300,41.6604490
-124.1161710,41.6605830
-124.1160660,41.6609510
-124.1160050,41.6611850
-124.1158650,41.6616640
-124.1158200,41.6618390
-124.1156150,41.6623820
-124.1153780,41.6628890
-124.1151910,41.6631560
-124.1149070,41.6634350
-124.1146420,41.6637410
-124.1142150,41.6641880
-124.1136780,41.6647890
-124.1132100,41.6654190
-124.1130610,41.6657030
-124.1130050,41.6658320
-124.1129760,41.6659370
-124.1129460,41.6661040
-124.1129090,41.6665410
-124.1129110,41.6670970
-124.1130540,41.6679650
-124.1132890,41.6692050
-124.1134030,41.6699600
-124.1135710,41.6713080
-124.1137250,41.6722960
-124.1138090,41.6730060
-124.1138360,41.6737370
-124.1138120,41.6739490
-124.1137590,41.6741420
-124.1137050,41.6743050
-124.1135560,41.6746750
-124.1134070,41.6749970
-124.1131170,41.6757260
-124.1130050,41.6760990
-124.1129050,41.6766010
-124.1128460,41.6772930
-124.1128480,41.6774240
-124.1128940,41.6777640
-124.1130070,41.6783540
-124.1131300,41.6787060
-124.1131990,41.6788730
-124.1135670,41.6795800
-124.1137650,41.6800150
-124.1139030,41.6803630
-124.1139570,41.6806060
-124.1139700,41.6807150
-124.1139720,41.6809940
-124.1139340,41.6813600
-124.1139060,41.6815430
-124.1138800,41.6820130
-124.1138540,41.6823110
-124.1137670,41.6827180
-124.1136990,41.6829050
-124.1136150,41.6830780
-124.1134560,41.6832960
-124.1133360,41.6834300
-124.1131050,41.6836150
-124.1129800,41.6836990
-124.1126710,41.6838340
-124.1124140,41.6839110
-124.1121130,41.6839750
-124.1083970,41.6848210
-124.1081740,41.6848730
-124.1078900,41.6849750
-124.1076240,41.6851040
-124.1074440,41.6852380
-124.1072640,41.6853860
-124.1070660,41.6855970
-124.1069120,41.6858090
-124.1067750,41.6860460
-124.1067150,41.6862440
-124.1066960,41.6864520
-124.1067050,41.6867410
-124.1067760,41.6871120
-124.1068660,41.6874600
-124.1068950,41.6876600
-124.1068970,41.6879920
-124.1068790,41.6881100
-124.1067960,41.6883960
-124.1064560,41.6892400
-124.1064070,41.6893970
-124.1063630,41.6896310
-124.1063530,41.6898400
-124.1063560,41.6899790
-124.1063860,41.6901520
-124.1064400,41.6903060
-124.1065020,41.6904110
-124.1068080,41.6908280
-124.1071020,41.6911770
-124.1073010,41.6913660
-124.1074630,41.6914980
-124.1077530,41.6917160
-124.1081150,41.6919650
-124.1083650,41.6921220
-124.1087040,41.6923160
-124.1092870,41.6926230
-124.1095130,41.6927130
-124.1130450,41.6943090
-124.1133060,41.6943900
-124.1140480,41.6945820
-124.1153830,41.6948350
-124.1162190,41.6950350
-124.1164920,41.6951210
-124.1170710,41.6953190
-124.1174460,41.6954800
-124.1178290,41.6956950
-124.1180140,41.6958290
-124.1184600,41.6962020
-124.1188410,41.6965710
-124.1191880,41.6969900
-124.1193660,41.6972350
-124.1197180,41.6978170
-124.1198640,41.6980870
-124.1202180,41.6988100
-124.1207250,41.6996510
-124.1213220,41.7006310
-124.1217250,41.7011550
-124.1223070,41.7017810
-124.1229640,41.7023960
-124.1241510,41.7035360
-124.1245100,41.7038910
-124.1250100,41.7043310
-124.1255200,41.7048110
-124.1260690,41.7053240
-124.1263540,41.7055170
-124.1265390,41.7056040
-124.1269190,41.7057410
-124.1273310,41.7058540
-124.1275750,41.7058750
-124.1278560,41.7058880
-124.1289850,41.7058450
-124.1294110,41.7058770
-124.1297420,41.7059460
-124.1300280,41.7060500
-124.1301950,41.7061270
-124.1303170,41.7062120
-124.1304430,41.7063170
-124.1305730,41.7064880
-124.1307860,41.7069000
-124.1309590,41.7071520
-124.1312590,41.7075520
-124.1314240,41.7078130
-124.1314590,41.7078900
-124.1314920,41.7080500
-124.1314870,41.7082920
-124.1314680,41.7084150
-124.1314390,41.7084900
-124.1313890,41.7085670
-124.1311930,41.7087680
-124.1310920,41.7088550
-124.1309930,41.7089150
-124.1307380,41.7090330
-124.1300880,41.7092570
-124.1298520,41.7093230
-124.1292590,41.7094390
-124.1283240,41.7095530
-124.1278880,41.7096290
-124.1276170,41.7097110
-124.1274130,41.7097860
-124.1272720,41.7098550
-124.1271710,41.7099170
-124.1270910,41.7100000
-124.1270260,41.7100860
-124.1269880,41.7101820
-124.1269660,41.7102970
-124.1269670,41.7104120
-124.1269680,41.7107100
-124.1270070,41.7108400
-124.1271510,41.7110020
-124.1272660,41.7110860
-124.1273920,41.7111480
-124.1275590,41.7112040
-124.1277210,41.7112390
-124.1279360,41.7112610
-124.1283480,41.7112450
-124.1285340,41.7112520
-124.1287080,41.7112710
-124.1288540,41.7113000
-124.1289800,41.7113350
-124.1290820,41.7113770
-124.1292170,41.7114570
-124.1294550,41.7116490
-124.1295700,41.7117810
-124.1296740,41.7119280
-124.1297650,41.7120850
-124.1299310,41.7125440
-124.1300570,41.7127730
-124.1301640,41.7128870
-124.1302660,41.7129770
-124.1303770,41.7130450
-124.1304950,41.7131020
-124.1306530,41.7131520
-124.1309820,41.7132300
-124.1312380,41.7132820
-124.1332460,41.7136620
-124.1339450,41.7138490
-124.1345950,41.7140520
-124.1349200,41.7141430
-124.1350300,41.7141840
-124.1352100,41.7142760
-124.1353080,41.7143540
-124.1353560,41.7144030
-124.1353990,41.7144470
-124.1355170,41.7146240
-124.1355900,41.7147750
-124.1356480,41.7149990
-124.1357020,41.7153880
-124.1357290,41.7159130
-124.1357690,41.7161160
-124.1358660,41.7163350
-124.1361200,41.7166950
-124.1364010,41.7170450
-124.1365580,41.7172990
-124.1367860,41.7177580
-124.1368970,41.7180380
-124.1370190,41.7183870
-124.1372000,41.7189000
-124.1375230,41.7197600
-124.1379180,41.7205390
-124.1381380,41.7210150
-124.1385240,41.7219100
-124.1386980,41.7222780
-124.1389490,41.7227750
-124.1392250,41.7234150
-124.1393660,41.7236740
-124.1394940,41.7238230
-124.1397250,41.7240440
-124.1407170,41.7247020
-124.1408880,41.7248250
-124.1410890,41.7250350
-124.1411630,41.7251320
-124.1414030,41.7255400
-124.1419160,41.7265560
-124.1420750,41.7268970
-124.1423550,41.7275750
-124.1424840,41.7278330
-124.1429380,41.7286090
-124.1430650,41.7288030
-124.1433450,41.7291180
-124.1434880,41.7293340
-124.1439520,41.7298430
-124.1444540,41.7303240
-124.1451750,41.7309450
-124.1465000,41.7320880
-124.1471540,41.7326110
-124.1477740,41.7330420
-124.1480130,41.7331950
-124.1484440,41.7334500
-124.1487700,41.7336150
-124.1496620,41.7340190
-124.1497880,41.7340830
-124.1505610,41.7344530
-124.1539390,41.7360690
-124.1541030,41.7361470
-124.1541820,41.7361840
-124.1557510,41.7369150
-124.1614310,41.7396500
-124.1625300,41.7401650
-124.1633430,41.7405600
-124.1641470,41.7409510
-124.1650740,41.7413860
-124.1654770,41.7415750
-124.1660830,41.7418590
-124.1663140,41.7419670
-124.1689470,41.7432130
-124.1696520,41.7435210
-124.1703750,41.7438120
-124.1708680,41.7439850
-124.1717830,41.7442830
-124.1730420,41.7446810
-124.1738720,41.7449380
-124.1750260,41.7453350
-124.1755040,41.7455290
-124.1756690,41.7456170
-124.1759200,41.7457450
-124.1761600,41.7458790
-124.1765950,41.7461750
-124.1768880,41.7463660
-124.1771540,41.7465590
-124.1773520,41.7466990
-124.1778860,41.7470970
-124.1786260,41.7476460
-124.1789310,41.7478760
-124.1792640,41.7481260
-124.1793390,41.7481830
-124.1799060,41.7486010
-124.1802770,41.7488760
-124.1804790,41.7490250
-124.1808110,41.7492700
-124.1810710,41.7494630
-124.1816420,41.7498840
-124.1820490,41.7501850
-124.1824090,41.7504470
-124.1826250,41.7506040
-124.1828180,41.7507480
-124.1832480,41.7510570
-124.1835980,41.7513160
-124.1840210,41.7516230
-124.1841830,41.7517400
-124.1843860,41.7518870
-124.1846200,41.7520080
-124.1847920,41.7520660
-124.1849770,41.7521120
-124.1855370,41.7522180
-124.1870360,41.7525350
-124.1874060,41.7526140
-124.1876040,41.7526550
-124.1877920,41.7526970
-124.1880670,41.7527570
-124.1883520,41.7528200
-124.1890310,41.7529690
-124.1891770,41.7530010
-124.1900050,41.7531830
-124.1901520,41.7532150
-124.1903060,41.7532290
-124.1904750,41.7532440
-124.1906470,41.7532250
-124.1907840,41.7531930
-124.1908410,41.7531790
-124.1910330,41.7531280
-124.1912240,41.7531060
-124.1912950,41.7530810
-124.1913780,41.7530620
-124.1914490,41.7530460
-124.1916000,41.7530400
-124.1917460,41.7530600
-124.1918740,41.7531040
-124.1919130,41.7531170
-124.1920610,41.7531980
-124.1921270,41.7532550
-124.1923710,41.7535070
-124.1927570,41.7539050
-124.1933810,41.7545870
-124.1940270,41.7552540
-124.1946590,41.7559300
-124.1951920,41.7564790
-124.1953090,41.7566000
-124.1953950,41.7565540
-124.1956210,41.7564350
-124.1961140,41.7561730
-124.1962080,41.7561230
-124.1959650,41.7558700
-124.1958210,41.7557210
-124.1957110,41.7556060
-124.1955580,41.7554480
-124.1953270,41.7552030
-124.1950870,41.7549500
-124.1949190,41.7547720
-124.1943750,41.7550660
-124.1940270,41.7552540
-124.1946590,41.7559300
-124.1951920,41.7564790
-124.1953090,41.7566000
-124.1955860,41.7568980
-124.1957840,41.7571120
-124.1959170,41.7572540
-124.1965250,41.7578730
-124.1971370,41.7584980
-124.1972270,41.7585900
-124.1974590,41.7588760
-124.1974870,41.7589170
-124.1975350,41.7589900
-124.1976810,41.7592920
-124.1977290,41.7593770
-124.1977670,41.7595460
-124.1977910,41.7596770
-124.1976120,41.7611780
-124.1975350,41.7615270
-124.1974390,41.7618670
-124.1972770,41.7623010
-124.1972100,41.7624810
-124.1971720,41.7625870
-124.1970260,41.7628570
-124.1968750,41.7631370
-124.1968640,41.7633060
-124.1967500,41.7634840
-124.1966210,41.7636820
-124.1965220,41.7638530
-124.1964920,41.7639040
-124.1963000,41.7641410
-124.1961380,41.7643400
-124.1959220,41.7645940
-124.1957300,41.7648210
-124.1954860,41.7651080
-124.1952620,41.7653130
-124.1950840,41.7654920
-124.1942690,41.7661380
-124.1939860,41.7663560
-124.1937950,41.7664930
-124.1937030,41.7665470
-124.1931530,41.7669190
-124.1926380,41.7672520
-124.1925520,41.7673160
-124.1924580,41.7673870
-124.1922520,41.7675080
-124.1920090,41.7676820
-124.1913590,41.7681490
-124.1910060,41.7683860
-124.1906440,41.7685590
-124.1902370,41.7688400
-124.1898840,41.7690920
-124.1894430,41.7694090
-124.1890910,41.7696760
-124.1889810,41.7697800
-124.1888580,41.7699110
-124.1887510,41.7700250
-124.1886390,41.7701520
-124.1885320,41.7702690
-124.1884330,41.7703830
-124.1883270,41.7705320
-124.1881350,41.7707770
-124.1878290,41.7713630
-124.1877180,41.7716290
-124.1874810,41.7721560
-124.1869280,41.7733660
-124.1868040,41.7736250
-124.1864380,41.7742340
-124.1862340,41.7745280
-124.1860370,41.7747810
-124.1858390,41.7750130
-124.1856800,41.7751880
-124.1854120,41.7754930
-124.1850430,41.7758390
-124.1847420,41.7760880
-124.1842530,41.7764720
-124.1838840,41.7767350
-124.1837110,41.7768550
-124.1835320,41.7769780
-124.1823400,41.7778130
-124.1820610,41.7780020
-124.1699850,41.7861670
-124.1653260,41.7893220
-124.1585670,41.7939140
-124.1536860,41.7972290
-124.1526620,41.7979440
-124.1522040,41.7983030
-124.1516060,41.7988140
-124.1511710,41.7992150
-124.1507720,41.7996410
-124.1505230,41.7999290
-124.1498860,41.8007100
-124.1496600,41.8010000
-124.1493830,41.8013890
-124.1489220,41.8021530
-124.1487610,41.8024520
-124.1486150,41.8027370
-124.1483730,41.8032400
-124.1481670,41.8037330
-124.1479510,41.8044300
-124.1477490,41.8051250
-124.1476370,41.8057580
-124.1475510,41.8062740
-124.1475280,41.8064630
-124.1474050,41.8073520
-124.1473510,41.8077630
-124.1473300,41.8079380
-124.1473290,41.8079530
-124.1471990,41.8090520
-124.1469060,41.8111590
-124.1468550,41.8114790
-124.1467430,41.8122270
-124.1456180,41.8211940
-124.1450690,41.8261460
-124.1449150,41.8277900
-124.1447860,41.8292160
-124.1445630,41.8307700
-124.1436620,41.8401070
-124.1428900,41.8477170
-124.1426630,41.8502570
-124.1425860,41.8512150
-124.1425720,41.8513860
-124.1424930,41.8523550
-124.1423770,41.8539690
-124.1422650,41.8547610
-124.1420880,41.8563780
-124.1419650,41.8573920
-124.1418850,41.8580530
-124.1418080,41.8585010
-124.1417130,41.8590510
-124.1416190,41.8596710
-124.1415330,41.8601440
-124.1411100,41.8619870
-124.1410550,41.8622330
-124.1406470,41.8642170
-124.1405430,41.8646410
-124.1403230,41.8656400
-124.1401340,41.8664150
-124.1397050,41.8682300
-124.1394670,41.8693430
-124.1394260,41.8695820
-124.1393800,41.8697840
-124.1393220,41.8700340
-124.1392630,41.8703010
-124.1391430,41.8708050
-124.1390970,41.8710410
-124.1390400,41.8712760
-124.1389430,41.8717010
-124.1387450,41.8725940
-124.1384670,41.8738130
-124.1382820,41.8745920
-124.1382210,41.8748750
-124.1381510,41.8751860
-124.1378180,41.8767830
-124.1375160,41.8778610
-124.1368980,41.8806800
-124.1368300,41.8809420
-124.1367780,41.8812100
-124.1367350,41.8815360
-124.1367100,41.8820280
-124.1366840,41.8837600
-124.1366840,41.8865900
-124.1366580,41.8919510
-124.1366490,41.8951590
-124.1366410,41.8989410
-124.1366070,41.9053930
-124.1365810,41.9133450
-124.1365640,41.9149680
-124.1365600,41.9158310
-124.1365550,41.9171520
-124.1365380,41.9185630
-124.1365460,41.9188510
-124.1365380,41.9191380
-124.1365380,41.9193490
-124.1365550,41.9196940
-124.1366240,41.9200770
-124.1367010,41.9204090
-124.1368300,41.9207480
-124.1369760,41.9210920
-124.1372500,41.9215840
-124.1374130,41.9218270
-124.1376110,41.9220890
-124.1378250,41.9223310
-124.1383060,41.9228740
-124.1387000,41.9232870
-124.1406480,41.9254580
-124.1416280,41.9265480
-124.1424510,41.9274700
-124.1428440,41.9278990
-124.1430630,41.9281210
-124.1431890,41.9282300
-124.1434460,41.9284590
-124.1437350,41.9287110
-124.1440300,41.9289410
-124.1442850,41.9291170
-124.1446820,41.9293790
-124.1450860,41.9296220
-124.1454630,41.9298200
-124.1456350,41.9299030
-124.1459090,41.9300180
-124.1463210,41.9302090
-124.1464190,41.9302490
-124.1467590,41.9303880
-124.1471280,41.9305220
-124.1476260,41.9306690
-124.1482780,41.9308350
-124.1488620,41.9309560
-124.1494800,41.9310580
-124.1508790,41.9313010
-124.1522610,41.9315560
-124.1534110,41.9317740
-124.1557630,41.9322010
-124.1640500,41.9337090
-124.1654870,41.9339700
-124.1666380,41.9341810
-124.1675730,41.9343530
-124.1680110,41.9344360
-124.1686200,41.9345640
-124.1694700,41.9347490
-124.1702420,41.9349470
-124.1709630,41.9351640
-124.1718390,41.9354450
-124.1730230,41.9358920
-124.1740530,41.9363260
-124.1752010,41.9368280
-124.1753370,41.9368950
-124.1754970,41.9369580
-124.1791700,41.9385800
-124.1838860,41.9406420
-124.1867220,41.9418870
-124.1874000,41.9421870
-124.1881470,41.9425060
-124.1886620,41.9427490
-124.1892710,41.9430550
-124.1900350,41.9434580
-124.1904730,41.9437130
-124.1909620,41.9440130
-124.1915030,41.9443700
-124.1927660,41.9451730
-124.1937940,41.9458260
-124.1955370,41.9469430
-124.1969710,41.9478770
-124.1970470,41.9479260
-124.1976480,41.9483220
-124.1991760,41.9493240
-124.2016740,41.9509460
-124.2027290,41.9516290
-124.2030300,41.9518270
-124.2033040,41.9520370
-124.2035020,41.9522220
-124.2036990,41.9524460
-124.2039310,41.9527200
-124.2041630,41.9530390
-124.2044030,41.9534860
-124.2045490,41.9539200
-124.2046180,41.9541880
-124.2046860,41.9545200
-124.2047040,41.9548650
-124.2046950,41.9551780
-124.2046860,41.9553440
-124.2046520,41.9555420
-124.2046350,41.9556440
-124.2046010,41.9557900
-124.2043340,41.9567290
-124.2042660,41.9569590
-124.2037420,41.9587780
-124.2036120,41.9592680
-124.2035500,41.9595040
-124.2035410,41.9595210
-124.2033610,41.9603380
-124.2031680,41.9611550
-124.2030810,41.9614410
-124.2030230,41.9616130
-124.2028470,41.9621980
-124.2027440,41.9626980
-124.2027150,41.9629330
-124.2026870,41.9631670
-124.2026530,41.9636280
-124.2026270,41.9640960
-124.2026370,41.9653550
-124.2026530,41.9658080
-124.2026730,41.9663670
-124.2026830,41.9667470
-124.2026860,41.9668480
-124.2027150,41.9676640
-124.2027370,41.9682570
-124.2027580,41.9690020
-124.2027820,41.9696990
-124.2028800,41.9721560
-124.2028910,41.9724460
-124.2029320,41.9734700
-124.2029620,41.9742120
-124.2029790,41.9746230
-124.2030050,41.9750700
-124.2030310,41.9755200
-124.2030450,41.9757550
-124.2030630,41.9760730
-124.2031060,41.9768020
-124.2031240,41.9771170
-124.2031290,41.9771880
-124.2031670,41.9787970
-124.2033500,41.9812010
-124.2033470,41.9820030
-124.2033390,41.9824760
-124.2033610,41.9835970
-124.2033860,41.9837660
-124.2034870,41.9841120
-124.2036550,41.9844850
-124.2038060,41.9847550
-124.2039270,41.9849320
-124.2048070,41.9861280
-124.2052180,41.9866890
-124.2059570,41.9876780
-124.2063340,41.9881750
-124.2066430,41.9885710
-124.2069780,41.9890560
-124.2072980,41.9894710
-124.2073730,41.9897190
-124.2075530,41.9901400
-124.2076820,41.9905930
-124.2077420,41.9908420
-124.2077930,41.9910970
-124.2078280,41.9915060
-124.2078880,41.9923090
-124.2078790,41.9924820
-124.2079260,41.9931950
-124.2079290,41.9932330
-124.2079320,41.9933030
-124.2080170,41.9946050
-124.2080380,41.9949240
-124.2080710,41.9953870
-124.2080790,41.9954910
-124.2081110,41.9960250
-124.2081240,41.9962570
-124.2081830,41.9974220
-124.2082230,41.9981230
-124.2082660,41.9984070
-124.2083050,41.9987130
-124.2083480,41.9990570
-124.2083920,41.9994470
-124.2084200,41.9996950
-124.2084430,41.9998920
-124.2084870,42.0002170
-124.2085050,42.0003520
-124.2085410,42.0006110
-124.2085700,42.0007530
-124.2086720,42.0012370
-124.2087750,42.0016720
-124.2089300,42.0022240
-124.2090880,42.0027310
-124.2092600,42.0032110
-124.2094650,42.0037280
-124.2096720,42.0042200
-124.2098860,42.0046830
-124.2100190,42.0049680
-124.2105030,42.0058850
-124.2107090,42.0062730
-124.2110010,42.0067450
-124.2112840,42.0072040
-124.2117220,42.0078230
-124.2119790,42.0081540
-124.2122550,42.0084670
-124.2133330,42.0096530
-124.2139280,42.0103580
-124.2146550,42.0112120
-124.2150210,42.0116560
-124.2151980,42.0118850
-124.2165990,42.0134760
-124.2173190,42.0143040
-124.2185620,42.0157180
-124.2192490,42.0164830
-124.2200040,42.0172420
-124.2209520,42.0180930
-124.2215170,42.0185590
-124.2219640,42.0189220
-124.2234240,42.0201160
-124.2243940,42.0209090
-124.2261950,42.0224290
-124.2277980,42.0237540
-124.2280960,42.0239990
-124.2284420,42.0242990
-124.2296860,42.0253460
-124.2303250,42.0258610
-124.2305180,42.0260170
-124.2336980,42.0286530
-124.2342620,42.0291160
-124.2349740,42.0296830
-124.2359130,42.0304670
-124.2364680,42.0309170
-124.2373870,42.0317320
-124.2399710,42.0338670
-124.2403790,42.0342060
-124.2408710,42.0346140
-124.2411490,42.0348390
-124.2412670,42.0349440
-124.2415930,42.0352060
-124.2422110,42.0357350
-124.2426490,42.0360920
-124.2427780,42.0361870
-124.2429060,42.0363020
-124.2433360,42.0366490
-124.2439670,42.0371800
-124.2445350,42.0376590
-124.2461030,42.0389640
-124.2465120,42.0392940
-124.2470850,42.0397520
-124.2472320,42.0398980
-124.2494220,42.0417200
-124.2497100,42.0419600
-124.2502300,42.0423920
-124.2504660,42.0425890
-124.2506620,42.0427530
-124.2510490,42.0430740
-124.2514000,42.0433670
-124.2523480,42.0441680
-124.2530170,42.0447100
-124.2540280,42.0455710
-124.2543930,42.0458820
-124.2545970,42.0460490
-124.2548610,42.0462610
-124.2549640,42.0463460
-124.2566390,42.0477370
-124.2569580,42.0480010
-124.2574770,42.0484330
-124.2579700,42.0488290
-124.2582470,42.0490620
-124.2589760,42.0496760
-124.2600200,42.0505360
-124.2605090,42.0509420
-124.2615270,42.0517860
-124.2622720,42.0524080
-124.2630450,42.0530470
-124.2634150,42.0533580
-124.2637450,42.0536130
-124.2639970,42.0537860
-124.2641130,42.0538630
-124.2642600,42.0539630
-124.2645230,42.0541120
-124.2647130,42.0542140
-124.2649730,42.0543360
-124.2654320,42.0545040
-124.2655540,42.0545860
-124.2661570,42.0547220
-124.2665410,42.0547800
-124.2669150,42.0548250
-124.2671080,42.0548060
-124.2678810,42.0548610
-124.2684690,42.0549030
-124.2691900,42.0549530
-124.2703040,42.0550150
-124.2704130,42.0550210
-124.2712020,42.0550560
-124.2714620,42.0550620
-124.2716920,42.0550600
-124.2719790,42.0550560
-124.2723760,42.0550450
-124.2727360,42.0550170
-124.2728230,42.0550060
-124.2731760,42.0549610
-124.2733650,42.0549270
-124.2738050,42.0548370
-124.2741920,42.0547480
-124.2743180,42.0547220
-124.2750160,42.0545100
-124.2761900,42.0541500
-124.2767930,42.0539660
-124.2773630,42.0537930
-124.2782690,42.0535190
-124.2796800,42.0530880
-124.2797960,42.0530530
-124.2811280,42.0526480
-124.2811940,42.0526270
-124.2817010,42.0524780
-124.2820940,42.0523860
-124.2821930,42.0523620
-124.2825560,42.0523120
-124.2827500,42.0522960
-124.2830020,42.0522910
-124.2834380,42.0522960
-124.2836580,42.0523190
-124.2839230,42.0523640
-124.2841940,42.0524180
-124.2843800,42.0524740
-124.2845970,42.0525440
-124.2847250,42.0525940
-124.2847970,42.0526220
-124.2849790,42.0527020
-124.2854080,42.0529200
-124.2856390,42.0530460
-124.2857720,42.0531170
-124.2863090,42.0534210
-124.2865440,42.0535540
-124.2867020,42.0536430
-124.2871230,42.0538740
-124.2871610,42.0538940
-124.2874830,42.0540590
-124.2877980,42.0542190
-124.2881510,42.0543800
-124.2886920,42.0545950
-124.2891920,42.0547680
-124.2897930,42.0549500
-124.2903200,42.0550830
-124.2913440,42.0553230
-124.2925820,42.0556010
-124.2940160,42.0559270
-124.2944230,42.0560210
-124.2953730,42.0562400
-124.2954780,42.0562640
-124.2956760,42.0563250
-124.2957090,42.0563350
-124.2961040,42.0564750
-124.2961630,42.0564960
-124.2964380,42.0566170
-124.2965000,42.0566440
-124.2967380,42.0567620
-124.2969840,42.0569010
-124.2970440,42.0569420
-124.2971610,42.0570220
-124.2972500,42.0570820
-124.2974510,42.0572240
-124.2976230,42.0573650
-124.2978090,42.0575410
-124.2979630,42.0576980
-124.2984750,42.0582890
-124.2986100,42.0584440
-124.2990650,42.0589970
-124.2993810,42.0593680
-124.2996830,42.0597230
-124.2997920,42.0598510
-124.2999830,42.0600760
-124.3002750,42.0604210
-124.3003180,42.0604710
-124.3005170,42.0607050
-124.3006070,42.0608150
-124.3006930,42.0609170
-124.3008200,42.0610720
-124.3011550,42.0614880
-124.3011730,42.0615110
-124.3012740,42.0616370
-124.3017000,42.0622340
-124.3021080,42.0628660
-124.3022990,42.0631630
-124.3026740,42.0637200
-124.3027720,42.0638640
-124.3035580,42.0648600
-124.3039160,42.0653480
-124.3044090,42.0659860
-124.3045560,42.0661830
-124.3055390,42.0674140
-124.3076040,42.0701760
-124.3080680,42.0707060
-124.3085370,42.0713420
-124.3090730,42.0720680
-124.3099320,42.0732020
-124.3102920,42.0737050
-124.3107380,42.0742660
-124.3110990,42.0747240
-124.3116140,42.0752850
-124.3123570,42.0760450
-124.3127450,42.0764600
-124.3131300,42.0768250
-124.3134760,42.0771960
-124.3139060,42.0775720
-124.3143600,42.0779420
-124.3147300,42.0782540
-124.3152700,42.0786550
-124.3158710,42.0790820
-124.3164380,42.0794070
-124.3170640,42.0797890
-124.3176390,42.0801460
-124.3180940,42.0804070
-124.3196050,42.0812290
-124.3224200,42.0827390
-124.3231500,42.0831650
-124.3240680,42.0836690
-124.3247800,42.0840320
-124.3253640,42.0843310
-124.3257070,42.0845350
-124.3258910,42.0846460
-124.3265230,42.0850250
-124.3268490,42.0852670
-124.3271580,42.0855350
-124.3274670,42.0858220
-124.3278440,42.0862170
-124.3281880,42.0865730
-124.3284750,42.0869150
-124.3289520,42.0874330
-124.3293640,42.0878660
-124.3310770,42.0897360
-124.3312860,42.0899560
-124.3319470,42.0906870
-124.3405930,42.1001310
-124.3408520,42.1004690
-124.3413620,42.1010750
-124.3416740,42.1014810
-124.3421860,42.1021260
-124.3425640,42.1026670
-124.3429420,42.1032210
-124.3432760,42.1037050
-124.3436370,42.1042590
-124.3465810,42.1085760
-124.3479370,42.1106080
-124.3481770,42.1110090
-124.3483830,42.1113970
-124.3485210,42.1117090
-124.3486240,42.1120210
-124.3487090,42.1123200
-124.3487670,42.1126730
-124.3488040,42.1129120
-124.3488300,42.1132630
-124.3488550,42.1139180
-124.3488900,42.1147590
-124.3489750,42.1188270
-124.3490260,42.1197140
-124.3490720,42.1202610
-124.3491100,42.1210990
-124.3491260,42.1215780
-124.3491510,42.1220330
-124.3491990,42.1226470
-124.3493120,42.1232340
-124.3496010,42.1245570
-124.3496280,42.1248880
-124.3496280,42.1251620
-124.3496020,42.1254610
-124.3495420,42.1257280
-124.3494650,42.1260150
-124.3493360,42.1263520
-124.3487600,42.1279440
-124.3485720,42.1284650
-124.3484520,42.1288280
-124.3484000,42.1291980
-124.3484000,42.1295480
-124.3484610,42.1298790
-124.3485810,42.1301970
-124.3486920,42.1304450
-124.3488350,42.1306860
-124.3496020,42.1318580
-124.3497950,42.1322150
-124.3499200,42.1325350
-124.3500050,42.1328510
-124.3500660,42.1331820
-124.3500830,42.1335070
-124.3500740,42.1338250
-124.3500720,42.1340770
-124.3500340,42.1344190
-124.3500100,42.1346970
-124.3499150,42.1353180
-124.3498950,42.1355990
-124.3498840,42.1358460
-124.3499020,42.1361550
-124.3500050,42.1364920
-124.3501430,42.1368040
-124.3503230,42.1370970
-124.3505550,42.1374080
-124.3512160,42.1381850
-124.3514820,42.1385100
-124.3517390,42.1388530
-124.3519540,42.1391970
-124.3521170,42.1395090
-124.3522370,42.1398330
-124.3523310,42.1401710
-124.3523880,42.1404380
-124.3523930,42.1407560
-124.3523950,42.1410270
-124.3523400,42.1413160
-124.3522890,42.1416410
-124.3520650,42.1429010
-124.3520220,42.1433660
-124.3520310,42.1437350
-124.3520910,42.1441550
-124.3521860,42.1445560
-124.3523140,42.1448480
-124.3524690,42.1451410
-124.3526750,42.1454660
-124.3529240,42.1457710
-124.3532330,42.1461020
-124.3535420,42.1463760
-124.3539110,42.1466620
-124.3542370,42.1468850
-124.3545720,42.1471010
-124.3549830,42.1473370
-124.3567950,42.1483930
-124.3575900,42.1488650
-124.3581320,42.1492070
-124.3584530,42.1494720
-124.3586570,42.1496720
-124.3589230,42.1499330
-124.3591890,42.1502640
-124.3594130,42.1505950
-124.3595240,42.1509070
-124.3596440,42.1512630
-124.3597300,42.1516760
-124.3598070,42.1522050
-124.3601160,42.1553610
-124.3601850,42.1561560
-124.3601850,42.1565510
-124.3601420,42.1569130
-124.3600560,42.1572570
-124.3599190,42.1576190
-124.3597470,42.1579630
-124.3595070,42.1583450
-124.3592670,42.1586760
-124.3589750,42.1590320
-124.3586490,42.1594580
-124.3584000,42.1598150
-124.3581590,42.1602730
-124.3579100,42.1608070
-124.3577300,42.1613990
-124.3576440,42.1617930
-124.3576270,42.1621880
-124.3576790,42.1626200
-124.3577390,42.1629960
-124.3578100,42.1632870
-124.3578570,42.1634390
-124.3580220,42.1639120
-124.3581680,42.1642170
-124.3583750,42.1645660
-124.3596670,42.1669570
-124.3596930,42.1670120
-124.3599190,42.1674940
-124.3600050,42.1677730
-124.3600650,42.1681110
-124.3601080,42.1683840
-124.3600910,42.1687210
-124.3600330,42.1690710
-124.3598950,42.1694590
-124.3597350,42.1697960
-124.3595500,42.1701020
-124.3594730,42.1702520
-124.3593040,42.1704710
-124.3587860,42.1711770
-124.3582790,42.1717990
-124.3580700,42.1721610
-124.3578680,42.1724300
-124.3577730,42.1727290
-124.3577300,42.1730790
-124.3577130,42.1733400
-124.3577390,42.1735620
-124.3577900,42.1738480
-124.3579240,42.1741700
-124.3582360,42.1749300
-124.3584340,42.1755910
-124.3585280,42.1758650
-124.3585890,42.1761190
-124.3585970,42.1763740
-124.3585710,42.1766660
-124.3585030,42.1769330
-124.3583910,42.1772200
-124.3582280,42.1776200
-124.3581250,42.1779190
-124.3580480,42.1782370
-124.3580310,42.1785750
-124.3580740,42.1788990
-124.3581850,42.1792420
-124.3583740,42.1795480
-124.3585890,42.1798470
-124.3588460,42.1801200
-124.3592750,42.1806030
-124.3594900,42.1808710
-124.3596870,42.1811700
-124.3598240,42.1814880
-124.3599270,42.1817930
-124.3599620,42.1821430
-124.3599790,42.1825240
-124.3599270,42.1837770
-124.3599450,42.1841080
-124.3599700,42.1844130
-124.3600480,42.1846930
-124.3601510,42.1849540
-124.3603220,42.1852720
-124.3605280,42.1855450
-124.3607940,42.1858380
-124.3610600,42.1860800
-124.3613950,42.1863210
-124.3618160,42.1865880
-124.3620000,42.1867110
-124.3641500,42.1881340
-124.3646140,42.1885410
-124.3649230,42.1888520
-124.3652230,42.1892080
-124.3655660,42.1896190
-124.3657040,42.1898320
-124.3658500,42.1900540
-124.3658650,42.1900850
-124.3659010,42.1901580
-124.3661420,42.1906330
-124.3664420,42.1911990
-124.3665780,42.1914340
-124.3667770,42.1917780
-124.3668000,42.1918250
-124.3671720,42.1925410
-124.3674220,42.1931570
-124.3676230,42.1935780
-124.3679140,42.1941740
-124.3681150,42.1944820
-124.3683650,42.1948930
-124.3686070,42.1952160
-124.3688280,42.1954530
-124.3691290,42.1957960
-124.3694030,42.1960830
-124.3697640,42.1964260
-124.3700900,42.1967120
-124.3703480,42.1969160
-124.3707420,42.1972270
-124.3712910,42.1976790
-124.3716310,42.1979420
-124.3720550,42.1982700
-124.3724850,42.1985820
-124.3728930,42.1989170
-124.3729740,42.1989820
-124.3733770,42.1994020
-124.3736690,42.1998020
-124.3738750,42.2001460
-124.3739780,42.2004380
-124.3740290,42.2007500
-124.3740120,42.2010420
-124.3739440,42.2014360
-124.3738660,42.2017540
-124.3737460,42.2020980
-124.3731880,42.2035540
-124.3730600,42.2040050
-124.3730000,42.2045010
-124.3729820,42.2048890
-124.3729820,42.2053590
-124.3732420,42.2077030
-124.3732880,42.2080800
-124.3733240,42.2083490
-124.3733800,42.2086250
-124.3734730,42.2089350
-124.3735850,42.2092370
-124.3736980,42.2094470
-124.3737960,42.2096130
-124.3739100,42.2097970
-124.3741000,42.2100720
-124.3743810,42.2104580
-124.3746650,42.2108590
-124.3748880,42.2112080
-124.3751020,42.2116410
-124.3752230,42.2119840
-124.3752910,42.2122760
-124.3753260,42.2125560
-124.3753170,42.2128170
-124.3752740,42.2131090
-124.3752050,42.2134210
-124.3750940,42.2137320
-124.3749140,42.2140310
-124.3746820,42.2143490
-124.3744110,42.2146890
-124.3742190,42.2148770
-124.3739950,42.2150730
-124.3734890,42.2155250
-124.3730420,42.2159320
-124.3726990,42.2162240
-124.3723590,42.2165580
-124.3720700,42.2168850
-124.3718090,42.2172760
-124.3716990,42.2175440
-124.3716330,42.2177700
-124.3716100,42.2179490
-124.3715870,42.2183620
-124.3715950,42.2184840
-124.3716000,42.2185750
-124.3716290,42.2186510
-124.3716750,42.2187660
-124.3717690,42.2189530
-124.3718600,42.2191310
-124.3719630,42.2193180
-124.3720830,42.2195570
-124.3723180,42.2198770
-124.3725430,42.2201180
-124.3727850,42.2203230
-124.3729380,42.2204470
-124.3730740,42.2205470
-124.3731910,42.2206070
-124.3733290,42.2206820
-124.3735210,42.2207800
-124.3737250,42.2208630
-124.3739520,42.2209470
-124.3742030,42.2210460
-124.3744620,42.2211470
-124.3760210,42.2216590
-124.3765360,42.2218560
-124.3769990,42.2220780
-124.3773600,42.2222940
-124.3776940,42.2225300
-124.3780640,42.2228090
-124.3784070,42.2230890
-124.3785690,42.2232430
-124.3786470,42.2233180
-124.3788870,42.2235590
-124.3791280,42.2238450
-124.3793600,42.2241690
-124.3795910,42.2245440
-124.3798400,42.2249510
-124.3800980,42.2253960
-124.3803210,42.2258220
-124.3806040,42.2264000
-124.3807840,42.2267120
-124.3810420,42.2270550
-124.3812480,42.2272840
-124.3815480,42.2275570
-124.3818310,42.2277920
-124.3821830,42.2280270
-124.3824240,42.2281860
-124.3830930,42.2286060
-124.3834540,42.2288600
-124.3837630,42.2290760
-124.3840200,42.2292730
-124.3842430,42.2294640
-124.3845010,42.2297500
-124.3847330,42.2301060
-124.3848870,42.2303980
-124.3850070,42.2306900
-124.3851360,42.2310080
-124.3855050,42.2321270
-124.3856510,42.2325590
-124.3858570,42.2329080
-124.3860720,42.2332010
-124.3863460,42.2334610
-124.3866550,42.2336960
-124.3871530,42.2340140
-124.3876250,42.2342620
-124.3881400,42.2344970
-124.3887100,42.2346750
-124.3900710,42.2353230
-124.3905000,42.2355650
-124.3908780,42.2358190
-124.3910930,42.2360030
-124.3913420,42.2362380
-124.3915820,42.2365310
-124.3917880,42.2367970
-124.3919850,42.2371280
-124.3921310,42.2374330
-124.3922430,42.2377820
-124.3923370,42.2381450
-124.3923540,42.2385260
-124.3923370,42.2391170
-124.3922850,42.2396810
-124.3922260,42.2403560
-124.3919510,42.2430250
-124.3915820,42.2466210
-124.3915480,42.2470910
-124.3915300,42.2476760
-124.3915390,42.2480700
-124.3916160,42.2484950
-124.3916930,42.2488640
-124.3918480,42.2492830
-124.3919680,42.2495560
-124.3921140,42.2498170
-124.3922940,42.2501090
-124.3925520,42.2504460
-124.3928780,42.2508140
-124.3933070,42.2512270
-124.3936330,42.2514940
-124.3939590,42.2517360
-124.3943540,42.2520210
-124.3961390,42.2533810
-124.3965510,42.2537880
-124.3968950,42.2541240
-124.3972550,42.2545370
-124.3975390,42.2549180
-124.3978050,42.2553190
-124.3980020,42.2556810
-124.3981990,42.2560870
-124.3983800,42.2565510
-124.3985080,42.2569390
-124.3986290,42.2573580
-124.3995070,42.2604340
-124.4008590,42.2653970
-124.4017850,42.2687720
-124.4026240,42.2719360
-124.4034850,42.2750970
-124.4039120,42.2766570
-124.4043200,42.2781990
-124.4044650,42.2787530
-124.4045460,42.2790510
-124.4047900,42.2799800
-124.4049040,42.2805270
-124.4049810,42.2810020
-124.4050440,42.2814330
-124.4050780,42.2817950
-124.4051060,42.2823040
-124.4051160,42.2830190
-124.4050850,42.2837970
-124.4050210,42.2854330
-124.4049550,42.2870800
-124.4049360,42.2875460
-124.4049280,42.2879670
-124.4049380,42.2883760
-124.4049840,42.2887640
-124.4050340,42.2891030
-124.4050750,42.2893020
-124.4051180,42.2894920
-124.4051670,42.2896880
-124.4052290,42.2898870
-124.4053660,42.2902570
-124.4055420,42.2906960
-124.4058150,42.2913820
-124.4060500,42.2919970
-124.4064280,42.2929560
-124.4064860,42.2930950
-124.4067160,42.2936450
-124.4071820,42.2948020
-124.4075450,42.2957380
-124.4082560,42.2975390
-124.4085050,42.2981260
-124.4086640,42.2984330
-124.4088460,42.2987390
-124.4090460,42.2990250
-124.4092860,42.2993040
-124.4095090,42.2995900
-124.4099470,42.3000660
-124.4104110,42.3005930
-124.4106680,42.3009290
-124.4108220,42.3011470
-124.4109510,42.3014290
-124.4110280,42.3016390
-124.4110750,42.3019230
-124.4110750,42.3021880
-124.4110360,42.3025120
-124.4109600,42.3028440
-124.4108050,42.3031950
-124.4101060,42.3047190
-124.4099090,42.3051950
-124.4098130,42.3055300
-124.4097960,42.3058190
-124.4098070,42.3060540
-124.4098370,42.3062620
-124.4099230,42.3065490
-124.4099810,42.3067030
-124.4100870,42.3069230
-124.4102430,42.3071650
-124.4103920,42.3073410
-124.4106150,42.3075550
-124.4109560,42.3078090
-124.4111920,42.3079420
-124.4113420,42.3080310
-124.4116170,42.3081870
-124.4125220,42.3086740
-124.4129000,42.3089210
-124.4132430,42.3092070
-124.4136210,42.3096200
-124.4137840,42.3099180
-124.4139470,42.3103050
-124.4140930,42.3107750
-124.4144060,42.3117820
-124.4146290,42.3124910
-124.4147580,42.3128340
-124.4148950,42.3131720
-124.4150870,42.3135600
-124.4153290,42.3140820
-124.4160240,42.3155480
-124.4161700,42.3159030
-124.4162810,42.3162650
-124.4163240,42.3165760
-124.4162900,42.3169250
-124.4162390,42.3172610
-124.4161100,42.3176290
-124.4159120,42.3180100
-124.4155350,42.3185940
-124.4152770,42.3190320
-124.4151310,42.3193490
-124.4150450,42.3196730
-124.4149940,42.3199710
-124.4150110,42.3203080
-124.4150970,42.3206950
-124.4152260,42.3210370
-124.4154060,42.3213550
-124.4168220,42.3236520
-124.4169770,42.3238490
-124.4171140,42.3240260
-124.4172860,42.3241910
-124.4175170,42.3243630
-124.4177660,42.3245150
-124.4181440,42.3246990
-124.4185390,42.3248580
-124.4190370,42.3250670
-124.4194740,42.3252510
-124.4198350,42.3254350
-124.4201610,42.3256450
-124.4205130,42.3259240
-124.4213970,42.3265960
-124.4217490,42.3268950
-124.4220320,42.3271290
-124.4223500,42.3273960
-124.4225850,42.3275810
-124.4227730,42.3277860
-124.4229280,42.3280020
-124.4231290,42.3283540
-124.4232400,42.3287090
-124.4232800,42.3291040
-124.4232660,42.3294910
-124.4231900,42.3298130
-124.4230620,42.3301630
-124.4227960,42.3305120
-124.4224870,42.3308220
-124.4220750,42.3311650
-124.4215860,42.3315390
-124.4211220,42.3318880
-124.4200240,42.3327380
-124.4197150,42.3329610
-124.4192940,42.3332590
-124.4187360,42.3336460
-124.4182300,42.3339570
-124.4176890,42.3342490
-124.4170540,42.3345700
-124.4164350,42.3348850
-124.4142420,42.3356980
-124.4138160,42.3359010
-124.4134130,42.3361300
-124.4131440,42.3363360
-124.4130180,42.3364530
-124.4128720,42.3366150
-124.4126770,42.3368250
-124.4124360,42.3371560
-124.4123010,42.3374320
-124.4121220,42.3378500
-124.4120420,42.3381060
-124.4119970,42.3382430
-124.4119960,42.3384180
-124.4121020,42.3387470
-124.4122390,42.3391110
-124.4123680,42.3394170
-124.4125370,42.3397330
-124.4127650,42.3400210
-124.4130710,42.3402890
-124.4134600,42.3405310
-124.4138610,42.3407390
-124.4142730,42.3409100
-124.4146940,42.3410940
-124.4156380,42.3415000
-124.4160240,42.3416840
-124.4163500,42.3419070
-124.4166330,42.3421540
-124.4168390,42.3423890
-124.4170280,42.3426680
-124.4172260,42.3430100
-124.4173630,42.3433530
-124.4177490,42.3444440
-124.4178690,42.3447930
-124.4179810,42.3451100
-124.4180500,42.3454460
-124.4180920,42.3457760
-124.4180580,42.3462010
-124.4179910,42.3466210
-124.4178000,42.3470430
-124.4175970,42.3474000
-124.4173980,42.3476540
-124.4171250,42.3479600
-124.4170160,42.3480820
-124.4154830,42.3496330
-124.4152000,42.3499820
-124.4149170,42.3503690
-124.4146760,42.3507180
-124.4144450,42.3510600
-124.4142640,42.3513080
-124.4140240,42.3517140
-124.4138210,42.3522250
-124.4136310,42.3526950
-124.4133760,42.3530970
-124.4132200,42.3532680
-124.4128020,42.3536880
-124.4124480,42.3541380
-124.4123080,42.3544410
-124.4122410,42.3547470
-124.4122220,42.3549860
-124.4122550,42.3552320
-124.4123480,42.3555370
-124.4125070,42.3558590
-124.4127000,42.3561520
-124.4128850,42.3564510
-124.4131070,42.3568500
-124.4132950,42.3572980
-124.4133220,42.3576460
-124.4133650,42.3582410
-124.4134720,42.3588570
-124.4135370,42.3590520
-124.4136200,42.3592680
-124.4137460,42.3594920
-124.4138880,42.3597180
-124.4140250,42.3598740
-124.4142100,42.3600640
-124.4144510,42.3602670
-124.4147600,42.3605140
-124.4149600,42.3607010
-124.4152430,42.3609490
-124.4155180,42.3612340
-124.4157660,42.3615700
-124.4159380,42.3619060
-124.4160670,42.3622170
-124.4161270,42.3625280
-124.4161780,42.3630920
-124.4162300,42.3634280
-124.4162990,42.3637010
-124.4164020,42.3639290
-124.4165820,42.3642210
-124.4168050,42.3645190
-124.4170540,42.3647730
-124.4173110,42.3649880
-124.4175590,42.3651910
-124.4177660,42.3653630
-124.4179890,42.3655970
-124.4181610,42.3658250
-124.4183500,42.3661170
-124.4185040,42.3664600
-124.4186160,42.3667450
-124.4187280,42.3670870
-124.4191570,42.3685270
-124.4193760,42.3692750
-124.4196720,42.3703220
-124.4197660,42.3707210
-124.4199290,42.3712280
-124.4200320,42.3716910
-124.4200840,42.3721410
-124.4201270,42.3726300
-124.4201520,42.3730230
-124.4201520,42.3735550
-124.4201180,42.3748300
-124.4201440,42.3754260
-124.4202290,42.3761450
-124.4202840,42.3765320
-124.4203670,42.3769170
-124.4204970,42.3776720
-124.4205780,42.3779940
-124.4206620,42.3782930
-124.4210040,42.3794220
-124.4211700,42.3799420
-124.4213060,42.3803410
-124.4214440,42.3807360
-124.4219530,42.3819830
-124.4222240,42.3825380
-124.4226250,42.3834470
-124.4229930,42.3843300
-124.4231540,42.3847510
-124.4232660,42.3851320
-124.4233320,42.3855030
-124.4233480,42.3858010
-124.4233480,42.3860740
-124.4233180,42.3863670
-124.4232560,42.3866530
-124.4231650,42.3870030
-124.4230870,42.3873530
-124.4229820,42.3877830
-124.4228330,42.3882260
-124.4225160,42.3891850
-124.4223590,42.3896980
-124.4222380,42.3901340
-124.4221290,42.3906840
-124.4221200,42.3910210
-124.4221560,42.3914560
-124.4222430,42.3918330
-124.4223980,42.3923670
-124.4224610,42.3926580
-124.4225870,42.3931860
-124.4226480,42.3935060
-124.4226980,42.3938320
-124.4227420,42.3942690
-124.4227430,42.3947390
-124.4227270,42.3950480
-124.4227000,42.3953550
-124.4226600,42.3957730
-124.4226330,42.3959660
-124.4226100,42.3961380
-124.4224060,42.3977580
-124.4223280,42.3982570
-124.4220600,42.3998920
-124.4219710,42.4006440
-124.4218830,42.4012420
-124.4218430,42.4015150
-124.4217790,42.4018470
-124.4217600,42.4019640
-124.4217000,42.4023660
-124.4215970,42.4030990
-124.4215830,42.4031900
-124.4215170,42.4036560
-124.4214960,42.4038600
-124.4214760,42.4040010
-124.4212800,42.4051100
-124.4212740,42.4051430
-124.4212480,42.4052740
-124.4209920,42.4069940
-124.4209500,42.4072970
-124.4207720,42.4085250
-124.4207220,42.4088650
-124.4206670,42.4092040
-124.4206160,42.4095100
-124.4205960,42.4096250
-124.4205740,42.4097760
-124.4205610,42.4098510
-124.4205520,42.4099300
-124.4205130,42.4103520
-124.4205010,42.4105340
-124.4204960,42.4106630
-124.4204940,42.4107220
-124.4204880,42.4108930
-124.4204840,42.4109920
-124.4203730,42.4109890
-124.4203490,42.4109890
